"NAME","ECO_DESC","NON_ECO_DESC","DISADV_1","DISADV_2","DISADV_3","DISADV_4","ADV_1","ADV_2","ADV_3","ADV_4"
"Shampoos","Eco-friendly shampoos are made from plant-based ingredients, such as organic oils, herbs, and natural extracts, that provide gentle care for both the hair and the scalp. These products are free from harsh chemicals, parabens, and sulfates, ensuring a more sustainable and eco-conscious approach to hair care. Often, these shampoos come in biodegradable packaging or recyclable bottles, further reducing their environmental impact.","Traditional shampoos are typically formulated with synthetic ingredients like parabens, sulfates, and silicones. These chemicals can be harsh on the scalp and contribute to water pollution when rinsed away. The packaging for traditional shampoos is often made from non-recyclable plastic, which adds to environmental waste.","Contains harsh chemicals that can irritate sensitive scalps.","Packaging is often made from non-recyclable plastic, contributing to waste.","Synthetic ingredients may lead to long-term damage to hair health.","Chemical runoff can harm aquatic ecosystems.","Made with natural ingredients that nourish the scalp and hair.","Biodegradable and recyclable packaging minimizes waste.","Free from harmful chemicals like sulfates and parabens.","Safe for sensitive scalps and eco-conscious consumers."
"Conditioners","Eco-friendly conditioners are formulated with plant-based ingredients like aloe vera, coconut oil, and shea butter that provide nourishment without harmful chemicals. These conditioners are typically free from sulfates, parabens, and synthetic fragrances, which can be irritating to the scalp. The packaging is often eco-conscious, using recyclable or biodegradable materials.","Traditional conditioners often contain synthetic chemicals such as silicones and sulfates, which can cause buildup on the hair and contribute to water pollution. The packaging is usually non-recyclable, adding to plastic waste. Some conditioners may also include artificial fragrances that can cause allergic reactions.","Contains synthetic chemicals that may cause hair buildup.","Non-recyclable plastic packaging contributes to environmental waste.","Artificial fragrances can cause irritation or allergies.","Chemical runoff from rinsing can harm aquatic ecosystems.","Uses natural ingredients that gently nourish the hair.","Eco-friendly packaging reduces plastic waste.","Free from harmful additives like parabens and silicones.","Promotes sustainable and responsible production methods."
"Makeup and Cosmetics","Eco-friendly makeup and cosmetics are crafted using natural, organic ingredients like minerals, plant oils, and botanical extracts. These products are free from synthetic dyes, fragrances, and preservatives, ensuring a safer, more sustainable option for beauty routines. Packaging is often made from recycled or biodegradable materials, helping reduce waste in landfills.","Traditional makeup products are often made with synthetic chemicals, parabens, and preservatives that can irritate the skin and pose long-term health risks. Many of these products are tested on animals, raising ethical concerns. The packaging is usually made from non-recyclable plastic, which contributes to environmental degradation.","May contain harsh chemicals that irritate sensitive skin.","Often tested on animals, raising ethical concerns.","Non-recyclable packaging increases landfill waste.","Synthetic preservatives may pose long-term health risks.","Made from organic and skin-friendly ingredients.","Free from animal testing, promoting cruelty-free practices.","Biodegradable or recyclable packaging minimizes waste.","Safe for sensitive skin and environmentally conscious consumers."
"All Purpose Cleaners","Eco-friendly all-purpose cleaners are made from plant-based ingredients like vinegar, citrus, and essential oils, providing effective cleaning power without harsh chemicals. These cleaners are biodegradable, non-toxic, and safe for use around children and pets. The packaging is usually made from recycled or recyclable materials, reducing plastic waste.","Traditional all-purpose cleaners often contain harsh chemicals like ammonia, bleach, and synthetic fragrances that can be harmful to health and the environment. These products may cause skin and respiratory irritation and are packaged in non-recyclable plastic, adding to pollution.","Contains harsh chemicals that can cause skin and respiratory irritation.","Non-recyclable plastic packaging contributes to environmental waste.","Chemical runoff can harm aquatic ecosystems.","Unsafe for use around children and pets.","Made from biodegradable, plant-based ingredients.","Safe for use around children, pets, and sensitive individuals.","Eco-conscious packaging reduces waste.","Provides effective cleaning without toxic residues."
"Floor Cleaner","Eco-friendly floor cleaners are formulated with natural ingredients like plant extracts and essential oils, providing powerful cleaning without harmful chemicals. These cleaners are biodegradable, non-toxic, and safe for all surfaces, including wood, tiles, and laminate. The packaging is usually made from recyclable materials, reducing waste.","Traditional floor cleaners often contain chemicals like chlorine bleach, phosphates, and ammonia, which can be harmful to both human health and the environment. The packaging is usually made from non-recyclable plastic, contributing to pollution.","Contains toxic chemicals that can irritate skin and eyes.","Non-recyclable packaging contributes to landfill waste.","Chemical residues can harm pets and children.","Harsh ingredients can damage certain floor surfaces.","Formulated with safe, biodegradable ingredients.","Suitable for all types of flooring surfaces.","Eco-conscious packaging minimizes plastic waste.","Non-toxic formula is safe for homes with pets and children."
"Laundry Brush","Eco-friendly laundry brushes are made from sustainable materials such as bamboo and natural bristles, offering a durable, biodegradable option for keeping your clothes lint-free. The design is typically ergonomic and comfortable, making it easier to maintain your garments while reducing the need for synthetic brushes.","Traditional laundry brushes often use plastic handles and synthetic bristles, contributing to plastic waste. These brushes can take hundreds of years to break down in landfills, and their production process consumes significant non-renewable resources.","Made from non-biodegradable materials like plastic.","Synthetic bristles shed microplastics into water systems.","Plastic handles can crack and break easily.","Production relies heavily on fossil fuels.","Made from sustainable materials like bamboo and natural fibers.","Durable and long-lasting, reducing the need for frequent replacements.","Biodegradable, ensuring minimal environmental impact.","Ergonomic design for easy and comfortable use."
"Multivitamins and Supplements","Eco-friendly multivitamins and supplements are made from plant-based ingredients and come in recyclable or compostable packaging. These products often use natural, non-synthetic sources of vitamins and minerals, ensuring they are easily absorbed by the body. The manufacturing process is designed to minimize environmental impact by using renewable energy and reducing waste.","Traditional multivitamins and supplements are often made from synthetic vitamins, minerals, and fillers that may not be easily absorbed by the body. The packaging is frequently non-recyclable, contributing to environmental waste. Additionally, the production processes can consume significant resources and energy.","May contain synthetic ingredients that are harder to absorb.","Non-recyclable packaging contributes to environmental waste.","Production processes often rely on non-renewable resources.","Includes fillers and binders that may cause side effects.","Made with natural, plant-based ingredients.","Packaging is recyclable or compostable, reducing waste.","Easily absorbed by the body due to natural sources.","Produced using renewable energy and sustainable methods."
"Soap","Eco-friendly soaps are made with organic ingredients such as coconut oil, shea butter, and olive oil, which are sourced responsibly. These soaps are free from synthetic chemicals and fragrances, ensuring they are safe for both the skin and the environment. The packaging for these soaps is often biodegradable, recyclable, or made from post-consumer recycled materials.","Traditional soaps are often made with synthetic detergents and fragrances, which can irritate the skin and harm the environment. The packaging is typically made of non-recyclable plastic, adding to waste. Some soaps may also contain palm oil from unsustainable sources, contributing to deforestation.","Contains synthetic chemicals that may irritate the skin.","Non-recyclable packaging adds to plastic pollution.","May contain unsustainable palm oil, contributing to deforestation.","Synthetic fragrances can cause allergic reactions.","Made from natural, organic ingredients that are gentle on the skin.","Biodegradable packaging reduces environmental impact.","Free from synthetic fragrances and harmful chemicals.","Supports sustainable and ethical sourcing practices."
"Intimate Wash Products","Eco-friendly intimate wash products are made with gentle, plant-based ingredients like aloe vera, chamomile, and calendula, which are free from harsh chemicals. These products are pH-balanced, hypoallergenic, and free from sulfates and parabens. The packaging is often recyclable or biodegradable, making these products an environmentally friendly choice.","Traditional intimate wash products are often made with synthetic chemicals, fragrances, and preservatives that can irritate sensitive areas. The packaging is typically non-recyclable, adding to environmental waste. Some products may also disrupt the natural pH balance, leading to discomfort or infections.","Contains synthetic chemicals that may cause irritation.","Non-recyclable packaging contributes to waste.","May disrupt natural pH balance, causing discomfort.","Synthetic fragrances and preservatives can trigger allergies.","Made with plant-based ingredients that are gentle on sensitive areas.","Recyclable or biodegradable packaging minimizes waste.","pH-balanced formula ensures comfort and safety.","Free from harmful chemicals like sulfates and parabens."
"Coffee Mugs","Eco-friendly coffee mugs are made from sustainable materials like bamboo fiber, stainless steel, or recycled glass. These mugs are durable, reusable, and provide an excellent alternative to disposable cups. They also often come in eco-conscious packaging, such as recyclable or biodegradable boxes, ensuring a smaller environmental footprint.","Conventional coffee mugs are usually made from ceramic or plastic, which may contain harmful chemicals like BPA. These mugs often contribute to environmental waste when disposed of, as they are not biodegradable or easily recyclable. The production process can also consume significant energy and resources.","May contain harmful chemicals like BPA or lead.","Non-recyclable materials contribute to landfill waste.","Disposable cups are wasteful and harmful to the environment.","Production processes consume significant energy and resources.","Made from sustainable materials like bamboo or recycled glass.","Durable and reusable, reducing the need for disposables.","Eco-conscious packaging minimizes waste.","Promotes sustainable habits and reduces carbon footprint."
"Table Mats","Eco-friendly table mats are made from sustainable materials such as jute, cork, or bamboo, providing a stylish yet environmentally conscious solution for your dining table. These mats are durable, reusable, and biodegradable, offering an eco-conscious alternative to disposable plastic or fabric mats. The materials used are sourced responsibly, ensuring a minimal environmental footprint and helping to reduce deforestation and plastic waste.","Traditional table mats are often made from synthetic materials like PVC, polyester, or plastic, which are not biodegradable. These mats are prone to wear and tear, contributing to increased waste in landfills. Their non-breathable surfaces can trap moisture, which may lead to stains or unpleasant odors. Additionally, plastic mats contribute to environmental pollution and take hundreds of years to decompose.","Synthetic materials used in traditional table mats are non-biodegradable, contributing to long-lasting waste in landfills.","Plastic mats can harbor bacteria, leading to hygiene concerns and potential odors.","These mats often require frequent washing, and the cleaning process uses water and energy, contributing to resource consumption.","The production of synthetic table mats involves chemicals and processes that can harm the environment.","Made from natural, biodegradable materials like bamboo, jute, or cork, eco-friendly mats decompose naturally without polluting the environment.","These mats are durable and reusable, providing a long-lasting solution for your dining table.","Eco-friendly materials do not contain harmful chemicals, making them safe for everyday use without exposing users to toxins.","Many eco-friendly table mats are designed to be easy to clean, requiring minimal maintenance and reducing water waste."
"Water Bottles","Eco-friendly water bottles are crafted from stainless steel, glass, or BPA-free plastics, offering a reusable and sustainable alternative to single-use plastic bottles. These bottles are designed to be durable, leak-proof, and capable of keeping beverages at the desired temperature for hours. Eco-friendly water bottles often come with features like reusable straws or caps made from non-toxic materials, ensuring a safer and more sustainable hydration experience.","Traditional water bottles are typically made from single-use plastic that is often not recyclable, contributing significantly to environmental pollution. The production and disposal of these plastic bottles create a massive waste problem, while their lightweight nature makes them prone to being discarded after one use. These bottles can also leach harmful chemicals like BPA into the water over time, posing health risks.","Single-use plastic water bottles contribute to the growing issue of plastic waste and pollution in oceans and landfills.","Plastic bottles often leach harmful chemicals like BPA, which can contaminate drinking water and affect health.","They are not recyclable in many places, especially if they are contaminated with food or liquids.","These bottles encourage a disposable culture, leading to constant replacement and added waste.","Eco-friendly water bottles are reusable, reducing the need for single-use plastic bottles and helping to reduce environmental waste.","Made from materials like stainless steel or glass, they do not leach harmful chemicals into the water, ensuring safe hydration.","These bottles are highly durable and long-lasting, saving money in the long run and minimizing waste.","Many eco-friendly water bottles are insulated, keeping beverages cold or hot for extended periods, making them highly functional."
"Pen","Eco-friendly pens are made from sustainable materials such as recycled paper, bamboo, or biodegradable plastics, offering a greener alternative to traditional plastic pens. These pens often use refillable ink cartridges to reduce waste, promoting sustainability. The packaging is minimalistic and recyclable, ensuring the environmental impact of the product is kept to a minimum.","Traditional pens are made from plastic, which is non-biodegradable and can take hundreds of years to decompose in landfills. These pens are typically designed for single-use and are discarded once the ink runs out, contributing to unnecessary plastic waste. Most plastic pens cannot be recycled, adding to the growing waste problem.","Traditional pens are made from non-biodegradable plastic, contributing to the global plastic pollution crisis.","They are single-use products that are often discarded after their ink runs out, leading to more waste.","Most plastic pens are not recyclable, making them difficult to repurpose.","The mass production of plastic pens requires large amounts of energy and resources, adding to environmental harm.","Eco-friendly pens are made from sustainable and biodegradable materials, reducing waste and environmental impact.","Many eco-friendly pens are refillable, extending their lifespan and preventing the need for frequent replacements.","These pens often use non-toxic inks, making them safer for users and the environment.","The use of recyclable or compostable packaging reduces the product's overall waste footprint."
"Pencil","Eco-friendly pencils are crafted from sustainable materials like wood from responsibly managed forests or recycled materials. They are free from toxic chemicals and use non-toxic, eco-friendly paints and glues. Many eco-friendly pencils are made with biodegradable or recyclable packaging, helping to reduce waste.","Traditional pencils are often made from wood sourced from unsustainable forests or contain plastic components. The lead inside may contain harmful substances, and the paint used can contain toxic chemicals. These pencils are typically discarded after use, adding to landfill waste. The packaging of non-eco pencils is often plastic, which exacerbates environmental issues.","Non-sustainable wood sourcing for traditional pencils can contribute to deforestation and habitat loss.","The toxic chemicals in the paint and coatings of conventional pencils can harm the environment during production and disposal.","Disposable pencils contribute to waste when they are discarded after use.","Plastic packaging used in traditional pencils often ends up in landfills, increasing plastic pollution.","Made from sustainably sourced wood or recycled materials, eco-friendly pencils support responsible forestry practices.","These pencils are free from harmful chemicals, ensuring they are safe for both the user and the environment.","Many eco-friendly pencils are biodegradable or recyclable, reducing waste and landfill contribution.","The use of natural finishes and paints ensures that the entire product is non-toxic and environmentally friendly."
"Notebook","Eco-friendly notebooks are made from recycled paper or sustainably sourced wood, ensuring that no new trees are harmed in their production. The inks used are non-toxic and vegetable-based, making them safer for both users and the planet. Many eco-friendly notebooks come with a cover made from recycled cardboard or biodegradable materials, reducing the environmental impact further.","Traditional notebooks are often made from virgin paper, which can contribute to deforestation if not sourced responsibly. The paper may be bleached using chlorine, which harms the environment. Additionally, many notebooks use plastic covers or bindings, which are not biodegradable, leading to increased waste.","Traditional notebooks often use paper from unsustainable sources, contributing to deforestation and habitat destruction.","Chemicals used in paper production, such as chlorine bleach, can pollute waterways.","Many notebooks are bound with plastic or synthetic materials that cannot be recycled or biodegrade.","They can be discarded after a short period, adding to the growing waste problem.","Eco-friendly notebooks are made from recycled or sustainably sourced paper, reducing the need for virgin paper and helping to conserve forests.","Non-toxic inks and biodegradable covers ensure the notebook is safe for both users and the environment.","These notebooks often feature recyclable or compostable packaging, further minimizing waste.","The use of eco-friendly materials ensures that the entire product has a minimal environmental footprint."
"T-shirts","Eco-friendly T-shirts are made from organic cotton, bamboo, or hemp, which require fewer chemicals and pesticides to grow compared to conventional cotton. These fabrics are breathable, comfortable, and biodegradable, making them a sustainable option for clothing. Eco-friendly T-shirts often use natural dyes and low-impact production methods, ensuring minimal water and energy consumption, while the packaging is typically recyclable or compostable.","Traditional T-shirts are often made from conventional cotton, which requires large amounts of water and synthetic pesticides during cultivation. The production process may involve harmful chemicals and dyes that contribute to pollution. Many T-shirts are made using energy-intensive manufacturing methods and are often packaged in plastic, contributing to environmental degradation.","Conventional cotton farming consumes large quantities of water and harmful pesticides, which harm the environment.","The manufacturing process of traditional T-shirts often uses chemicals and dyes that can pollute local water supplies.","Plastic packaging is commonly used, which contributes to plastic waste and environmental pollution.","Fast fashion promotes a culture of disposable clothing, leading to significant waste.","Eco-friendly T-shirts are made from sustainable fabrics like organic cotton, which uses fewer resources and chemicals in its production.","These T-shirts are biodegradable, ensuring that they do not contribute to long-term landfill waste.","Eco-friendly production methods reduce water and energy consumption, making them more sustainable.","The use of natural dyes and minimalistic packaging further reduces the environmental impact of these garments."
"Jeans","Eco-friendly jeans are made from organic cotton or hemp, which are grown using sustainable methods that require less water and no harmful pesticides. The production process for eco-friendly jeans minimizes chemical use and energy consumption, ensuring a smaller carbon footprint. These jeans are also designed to be long-lasting, reducing the need for frequent replacements. The packaging is often recyclable or biodegradable, promoting sustainability at every stage.","Traditional jeans are typically made from conventional cotton, which is water-intensive and requires the use of pesticides and fertilizers. The denim production process is energy-intensive and often involves harmful chemicals and dyes. These jeans are typically not biodegradable and contribute to landfill waste, and they are often packaged in plastic.","Conventional denim production uses a large amount of water and chemicals, contributing to environmental pollution.","The production of traditional jeans requires toxic dyes and finishes, which can leach into the environment.","Non-biodegradable synthetic fibers in some jeans can take years to decompose in landfills.","Jeans are often discarded after becoming worn out or out of fashion, adding to textile waste.","Eco-friendly jeans are made from organic or recycled materials, reducing the need for pesticide-heavy cotton farming.","These jeans are designed to last longer, encouraging fewer replacements and reducing overall waste.","The production process of eco-friendly jeans uses fewer chemicals and requires less water, reducing environmental impact.","Biodegradable or recyclable packaging ensures that even the outer packaging does not contribute to waste."
"Shoes","Eco-friendly shoes are made from sustainable materials such as organic cotton, recycled rubber, and plant-based leather alternatives. The production process minimizes the use of toxic chemicals and waste, and the shoes are designed to be durable, reducing the need for frequent replacements. Many eco-friendly shoes come with recyclable or biodegradable packaging, further reducing their environmental impact.","Traditional shoes are often made from synthetic materials like plastic, rubber, and leather treated with chemicals, which are harmful to the environment. The production process can involve harmful dyes and toxins, and the shoes are often not biodegradable, leading to waste in landfills. Traditional shoes may also be packaged in non-recyclable plastic.","Traditional shoes are made from non-biodegradable materials like plastic and synthetic leather, contributing to landfill waste.","The production of conventional shoes requires the use of harmful chemicals and dyes, polluting the environment.","Synthetic shoes are often not as durable as eco-friendly alternatives, leading to more frequent replacements.","Packaging for traditional shoes is often plastic, contributing to waste and pollution.","Eco-friendly shoes use sustainable materials like organic cotton, recycled rubber, and plant-based leathers, reducing environmental impact.","These shoes are designed to be durable, reducing the need for frequent replacements and minimizing waste.","The production process for eco-friendly shoes uses fewer chemicals, making them safer for both consumers and the planet.","Many eco-friendly shoes are packaged in recyclable or biodegradable materials, reducing packaging waste."
